"id"	"institute"	"town"	"socken"	"harad"	"diocese"	"shape"	"year"
"UMF1766"	"Gustavianum"	"0"	"0"	"0"	"0"	"sword"	"0"
"UMF1767"	"Gustavianum"	"0"	"0"	"0"	"0"	"sword"	"0"
"UMF1768"	"Gustavianum"	"0"	"0"	"0"	"0"	"sword"	"0"
"UMF1769"	"Gustavianum"	"0"	"0"	"0"	"0"	"sword"	"0"
"UMF1770"	"Gustavianum"	"0"	"0"	"0"	"0"	"sword"	"0"
"UMF1771"	"Gustavianum"	"0"	"Näsby"	"Fellingsbro härad"	"Västmanland"	"sword"	"0"
"UMF1772"	"Gustavianum"	"0"	"0"	"0"	"0"	"sword"	"0"
"UMF1773"	"Gustavianum"	"0"	"0"	"0"	"0"	"staff, octagonal"	"0"
"UMF1775"	"Gustavianum"	"0"	"0"	"0"	"0"	"walking stick, round"	"0"
"UMF1776"	"Gustavianum"	"0"	"0"	"0"	"0"	"walking stick, round"	"0"
"UMF1777"	"Gustavianum"	"0"	"0"	"0"	"0"	"walking stick, round"	"0"
"UMF1778"	"Gustavianum"	"0"	"0"	"0"	"0"	"staff, octagonal"	"1537"
"UMF1779"	"Gustavianum"	"0"	"0"	"0"	"0"	"walking stick, round"	"0"
"UMF1780"	"Gustavianum"	"SL"	"0"	"0"	"0"	"staff, heptagonal"	"1561, 1592"
"UMF1781"	"Gustavianum"	"0"	"0"	"0"	"0"	"book"	"0"
"UMF1782"	"Gustavianum"	"0"	"0"	"0"	"0"	"book"	"0"
"UMF1783"	"Gustavianum"	"0"	"0"	"0"	"0"	"paddle"	"0"
"UMF1784"	"Gustavianum"	"0"	"0"	"0"	"0"	"walking stick, round"	"0"
"UMF1785"	"Gustavianum"	"0"	"0"	"0"	"0"	"staff, hexagonal"	"0"
"UMF1786"	"Gustavianum"	"0"	"Älvdalen"	""	"Västerås"	"paddle"	"1728"
"UMF1787"	"Gustavianum"	"Västergötland"	"0"	"Marks härad"	"Västergötland"	"staff, hexagonal"	"0"
"UMF1788"	"Gustavianum"	"0"	"0"	"0"	"0"	"walking stick, round"	"0"
"UMF1789"	"Gustavianum"	"0"	"Näsby"	"Fellingsbro härad"	"Västmanland"	"sword"	"0"
"UMF1790"	"Gustavianum"	"0"	"0"	"0"	"0"	"walking stick, round"	"0"
"UMF1791"	"Gustavianum"	"Västergötland"	"Hångsdala"	"Vartofta härad"	"Västergötland"	"staff, octagonal"	"0"
"UMF1792"	"Gustavianum"	"Fånö, Löts socken, Trögds härad"	"Löt"	"Trögds härad"	"Östergötland"	"sword"	"0"
"UMF1793"	"Gustavianum"	"Krokstad, Uppland"	"Åkerby"	"Bälinge härad"	"Uppsala"	"staff, octagonal"	"0"
"UMF1794"	"Gustavianum"	"0"	"0"	"0"	"0"	"walking stick, round"	"0"
"UMF1795"	"Gustavianum"	"0"	"0"	"0"	"0"	"sword, hexagonal"	"1621"
"UMF1796"	"Gustavianum"	"0"	"0"	"0"	"0"	"staff"	"1620"
"UMF1797"	"Gustavianum"	"0"	"0"	"0"	"0"	"sword"	"0"
"UMF1798"	"Gustavianum"	"0"	"0"	"0"	"0"	"sword"	"1681"
"UMF1799"	"Gustavianum"	"0"	"0"	"0"	"0"	"sword"	"1544"
"UMF1800"	"Gustavianum"	"0"	"0"	"0"	"0"	"staff, hexagonal"	"?1611"
"UMF1801"	"Gustavianum"	"0"	"0"	"0"	"0"	"staff, octagonal"	"1614"
"UMF1802"	"Gustavianum"	"0"	"0"	"0"	"0"	"staff, heptagonal"	"1619"
"UMF1803"	"Gustavianum"	"0"	"0"	"0"	"0"	"staff, heptagonal"	"?1607"
"UMF1804"	"Gustavianum"	"0"	"0"	"0"	"0"	"staff, hexagonal"	"1597"
"UMF1805"	"Gustavianum"	"0"	"0"	"0"	"0"	"sword"	"1680"
"UMF1806"	"Gustavianum"	"0"	"0"	"0"	"0"	"sword"	"1650"
"UMF1807"	"Gustavianum"	"0"	"0"	"0"	"0"	"sword"	"1602"
"UMF1808"	"Gustavianum"	"0"	"0"	"0"	"0"	"sword"	"1585, 1616, 1630, 1635"
"UMF1809"	"Gustavianum"	"0"	"0"	"0"	"?Gotland"	"sword"	"1637"
"UMF1810"	"Gustavianum"	"0"	"0"	"0"	"0"	"sword"	"0"
"UMF1811"	"Gustavianum"	"0"	"0"	"0"	"0"	"staff, octagonal"	"1659"
"UMF1812"	"Gustavianum"	"0"	"0"	"0"	"0"	"staff, octagonal"	"1609, 1630, 1688"
"UMF1813"	"Gustavianum"	"0"	"0"	"0"	"0"	"staff"	"1660, 1674, 1716"
"UMF1814"	"Gustavianum"	"0"	"0"	"0"	"0"	"staff"	"1663"
"UMF1815"	"Gustavianum"	"0"	"0"	"0"	"0"	"sword"	"1670"
"UMF1816"	"Gustavianum"	"0"	"0"	"0"	"0"	"staff"	"1714"
"UMF1817"	"Gustavianum"	"0"	"0"	"0"	"0"	"sword"	"1729"
"UMF1818"	"Gustavianum"	"0"	"0"	"0"	"0"	"staff"	"0"
"UMF1819"	"Gustavianum"	"0"	"0"	"0"	"0"	"sword"	"1691, 1704"
"UMF1820"	"Gustavianum"	"0"	"0"	"0"	"0"	"staff, square"	"0"
"UMF1821"	"Gustavianum"	"0"	"0"	"0"	"0"	"staff, octagonal"	"1367"
"UMF1822"	"Gustavianum"	"0"	"0"	"0"	"0"	"staff, heptagonal"	"1676, 1733"
"UMF1823"	"Gustavianum"	"0"	"0"	"0"	"0"	"staff, hexagonal"	"1687"
"UMF1824"	"Gustavianum"	"0"	"0"	"0"	"0"	"walking stick, round"	"1721"
"UMF1825"	"Gustavianum"	"0"	"0"	"0"	"0"	"paddle"	"?1711"
"UMF1826"	"Gustavianum"	"0"	"0"	"0"	"0"	"staff"	"1691"
"UMF1827"	"Gustavianum"	"0"	"0"	"0"	"0"	"staff"	"1723"
"UMF1828"	"Gustavianum"	"0"	"0"	"0"	"0"	"paddle"	"1631"
"UMF1829"	"Gustavianum"	"?Roslagen"	"0"	"0"	"Uppsala"	"paddle"	"1678"
"UMF1830"	"Gustavianum"	"0"	"0"	"0"	"0"	"paddle"	"1591"
"UMF1831"	"Gustavianum"	"0"	"0"	"0"	"0"	"paddle"	"1694"
"UMF1832"	"Gustavianum"	"0"	"0"	"0"	"0"	"paddle"	"1561"
"UMF1833"	"Gustavianum"	"0"	"0"	"0"	"0"	"paddle"	"1633"
"UMF1834"	"Gustavianum"	"Dalarna"	"Rättvik"	""	"Dalarna"	"paddle"	"1616"
"UMF1835"	"Gustavianum"	"0"	"0"	"0"	"0"	"sword"	"1698"
"UMF1836"	"Gustavianum"	"0"	"0"	"0"	"0"	"sword"	"1680"
"UMF1837"	"Gustavianum"	"0"	"0"	"0"	"0"	"paddle"	"1703"
"UMF1838"	"Gustavianum"	"0"	"0"	"0"	"0"	"staff"	"0"
"UMF1839"	"Gustavianum"	"0"	"0"	"0"	"0"	"axe"	"1714"
"UMF1840"	"Gustavianum"	"0"	"0"	"0"	"0"	"axe"	"0"
"UMF1841"	"Gustavianum"	"0"	"0"	"0"	"0"	"axe"	"0"
"UMF1842"	"Gustavianum"	"SL"	"0"	"0"	"0"	"sword"	"1595-1620"
"UMF1843"	"Gustavianum"	"0"	"0"	"0"	"0"	"sword"	"0"
"UMF1844"	"Gustavianum"	"0"	"0"	"0"	"0"	"sword"	"0"
"UMF1845"	"Gustavianum"	"0"	"0"	"0"	"0"	"sword"	"pre-1791"
"UMF1846"	"Gustavianum"	"0"	"0"	"0"	"0"	"staff, octagonal"	"0"
"UMF1847"	"Gustavianum"	"0"	"0"	"0"	"0"	"sword"	"0"
"UMF1848"	"Gustavianum"	"0"	"0"	"0"	"0"	"sword"	"0"
"UMF1849"	"Gustavianum"	"0"	"0"	"0"	"0"	"staff, hexagonal"	"0"
"UMF1850"	"Gustavianum"	"0"	"0"	"0"	"0"	"sword"	"0"
"UMF1851"	"Gustavianum"	"0"	"0"	"0"	"0"	"sword"	"0"
"UMF1852"	"Gustavianum"	"0"	"0"	"0"	"0"	"sword"	"0"
"UMF1853"	"Gustavianum"	"0"	"0"	"0"	"0"	"sword"	"0"
"UMF1854"	"Gustavianum"	"0"	"0"	"0"	"0"	"staff, octagonal"	"0"
"UMF1855"	"Gustavianum"	"0"	"0"	"0"	"0"	"sword, heptagonal"	"0"
"UMF1856"	"Gustavianum"	"0"	"0"	"0"	"0"	"sword"	"0"
"UMF1857"	"Gustavianum"	"0"	"0"	"0"	"0"	"staff, octagonal"	"0"
"UMF1858"	"Gustavianum"	"0"	"0"	"0"	"0"	"sword"	"0"
"UMF1859"	"Gustavianum"	"0"	"0"	"0"	"0"	"staff, octagonal"	"0"
"UMF1860"	"Gustavianum"	"0"	"0"	"0"	"0"	"staff, octagonal"	"0"
"UMF1861"	"Gustavianum"	"0"	"0"	"0"	"0"	"staff, octagonal"	"0"
"UMF1863"	"Gustavianum"	"0"	"0"	"0"	"0"	"staff"	"0"
"UMF1864"	"Gustavianum"	"0"	"0"	"0"	"0"	"sword"	"0"
"UMF1865"	"Gustavianum"	"0"	"0"	"0"	"0"	"sword"	"0"
"UMF1866"	"Gustavianum"	"0"	"0"	"0"	"0"	"staff"	"0"
"UMF1867"	"Gustavianum"	"0"	"0"	"0"	"0"	"staff"	"0"
"UMF1868"	"Gustavianum"	"0"	"0"	"0"	"0"	"sword"	"0"
"UMF1869"	"Gustavianum"	"0"	"0"	"0"	"0"	"sword sheath"	"0"
"UMF1870"	"Gustavianum"	"0"	"0"	"0"	"0"	"sword"	"0"
"UMF1871"	"Gustavianum"	"0"	"0"	"0"	"0"	"sword"	"0"
"UMF1872"	"Gustavianum"	"0"	"0"	"0"	"0"	"staff"	"0"
"UMF1873"	"Gustavianum"	"0"	"0"	"0"	"0"	"sword"	"0"
"UMF1874"	"Gustavianum"	"0"	"0"	"0"	"0"	"sword"	"0"
"UMF1875"	"Gustavianum"	"0"	"0"	"0"	"0"	"staff"	"0"
"?UMF1875"	"Gustavianum"	""	""	""	""	"staff, hexagonal"	"0"
"UMF1876"	"Gustavianum"	"0"	"0"	"0"	"0"	"staff, octagonal"	"0"
"UMF1877"	"Gustavianum"	"0"	"0"	"0"	"0"	"staff, octagonal"	"0"
"UMF1878"	"Gustavianum"	"0"	"0"	"0"	"0"	"staff, octagonal"	"0"
"UMF1879"	"Gustavianum"	"0"	"0"	"0"	"0"	"staff"	"0"
"UMF1880"	"Gustavianum"	"0"	"0"	"0"	"0"	"staff"	"0"
"UMF1881"	"Gustavianum"	"0"	"0"	"0"	"0"	"staff, octagonal"	"1741"
"UMF1882"	"Gustavianum"	"0"	"0"	"0"	"0"	"sword"	"0"
"UMF1883"	"Gustavianum"	"0"	"0"	"0"	"0"	"staff, hexagonal"	"0"
"UMF1884"	"Gustavianum"	"0"	"0"	"0"	"0"	"staff, hexagonal"	"0"
"UMF1885"	"Gustavianum"	"0"	"0"	"0"	"0"	"staff, hexagonal"	"0"
"UMF1886"	"Gustavianum"	"0"	"0"	"0"	"0"	"staff, hexagonal"	"0"
"UMF1887"	"Gustavianum"	"0"	"0"	"0"	"0"	"staff, octagonal"	"0"
"UMF1888"	"Gustavianum"	"0"	"0"	"0"	"0"	"staff, octagonal"	"0"
"UMF1889"	"Gustavianum"	"0"	"0"	"0"	"0"	"staff, octagonal"	"0"
"UMF1890"	"Gustavianum"	"0"	"0"	"0"	"0"	"staff, octagonal"	"0"
"UMF1891"	"Gustavianum"	"0"	"0"	"0"	"0"	"staff"	"0"
"UMF1892"	"Gustavianum"	"0"	"0"	"0"	"0"	"staff"	"0"
"UMF1893"	"Gustavianum"	"0"	"0"	"0"	"0"	"staff"	"0"
"UMF1894"	"Gustavianum"	"0"	"0"	"0"	"0"	"staff"	"0"
"UMF1895"	"Gustavianum"	"0"	"0"	"0"	"0"	"staff"	"0"
"UMF1896"	"Gustavianum"	"0"	"0"	"0"	"0"	"staff"	"0"
"UMF1897"	"Gustavianum"	"0"	"0"	"0"	"0"	"staff"	"0"
"UMF1898"	"Gustavianum"	"0"	"0"	"0"	"0"	"staff"	"0"
"UMF1899"	"Gustavianum"	"0"	"0"	"0"	"0"	"staff"	"0"
"UMF1900"	"Gustavianum"	"0"	"0"	"0"	"0"	"staff"	"0"
"UMF1902"	"Gustavianum"	"0"	"0"	"0"	"0"	"sword"	"0"
"UMF1903"	"Gustavianum"	"0"	"0"	"0"	"0"	"sword"	"0"
"UMF1904"	"Gustavianum"	"0"	"0"	"0"	"0"	"sword"	"0"
"UMF1905"	"Gustavianum"	""	""	""	""	""	""
"UMF1906"	"Gustavianum"	"0"	"0"	"0"	"0"	"paddle"	"0"
"UMF1907"	"Gustavianum"	"0"	"0"	"0"	"0"	"paddle"	"0"
"UMF1908"	"Gustavianum"	"0"	"0"	"0"	"0"	"paddle"	"0"
"UMF1909"	"Gustavianum"	"0"	"0"	"0"	"0"	"paddle"	"0"
"UMF1910"	"Gustavianum"	"0"	"0"	"0"	"0"	"paddle"	"0"
"UMF1912"	"Gustavianum"	""	""	""	""	""	""
"UMF1921"	"Gustavianum"	""	""	""	""	""	""
"UMF1922"	"Gustavianum"	"0"	"0"	"0"	"0"	"sword"	"0"
"UMF1931"	"Gustavianum"	"Probably Northern Uppland"	"0"	"0"	"Uppsala"	"staff, octagonal"	"1662"
"UMF1932"	"Gustavianum"	"0"	"0"	"0"	"0"	"sword"	"0"
"UMFB682"	"Gustavianum"	"0"	"0"	"0"	"0"	"snuff box"	"1787"
"UMFB1005"	"Gustavianum"	"0"	"0"	"0"	"0"	"sword, hexagonal"	"0"
"UMFB1006"	"Gustavianum"	"0"	"0"	"0"	"0"	"sword"	"0"
"UMFEC197"	"Gustavianum"	"0"	"0"	"0"	"0"	"sword"	"0"
"ÖLM1072"	"Örebro länsmuseum"	"0"	"0"	"0"	"Uppsala"	"sword"	"1500s probably, though dated 1664"
"ÖLM1073"	"Örebro länsmuseum"	"Linköping, SL (probably active in Linköping 1595-1620)"	"0"	"0"	"Linköping"	"staff, heptagonal"	"1614"
"ÖLM1075"	"Örebro länsmuseum"	"Linköping, SL (probably active in Linköping 1595-1620)"	"0"	"0"	"Linköping"	"staff, heptagonal"	"1595-1620"
"ÖLM1076"	"Örebro länsmuseum"	"Östersjökusten, possibly Svealandskusten based on form and content"	"0"	"0"	"0"	"paddle/sword"	"0"
"ÖLM1078:2"	"Örebro länsmuseum"	"Probably Östergötland or Kalmar län"	"0"	"0"	"Linköping"	"sword, long handle"	"probably early 1600s"
"ÖLM1078:3"	"Örebro länsmuseum"	"Probably Östergötland or Kalmar län"	"0"	"0"	"Linköping"	"sword"	"probably early 1600s, later dating 1717"
"ÖLM1078:4"	"Örebro länsmuseum"	"Possibly Småland"	"0"	"0"	"Linköping"	"sword, long handle"	"probably early 1600s"
"ÖLM11082"	"Örebro länsmuseum"	"Åtorp, Värmland"	"Nysund"	"Edsbergs härad"	"Skara"	"staff, octagonal"	"1636"
"VLM245"	"Västmanlands läns museum, Västerås"	"Uppland"	"0"	"0"	"Uppsala"	"sword"	"early 1600s"
"VLM246"	"Västmanlands läns museum, Västerås"	"0"	"0"	"0"	"Skara"	"staff"	"0"
"VLM247"	"Västmanlands läns museum, Västerås"	"?Roslagen"	"0"	"0"	"Uppsala"	"sword"	"1594"
"VLM289"	"Västmanlands läns museum, Västerås"	""	""	""	""	"oval/split"	"1624"
"VLM756"	"Västmanlands läns museum, Västerås"	"0"	"0"	"0"	"Västerås"	"paddle"	"1646"
"VLM756A"	"Västmanlands läns museum, Västerås"	"0"	"0"	"0"	"Västerås"	"paddle"	"1649, 1650, 1651, 1670"
"VLM756B"	"Västmanlands läns museum, Västerås"	"0"	"0"	"0"	"Västerås"	"paddle"	"1660, 1664, 1697, 1699, 1695"
"VLM3204"	"Västmanlands läns museum, Västerås"	"Norway"	"0"	"0"	"Norway"	"staff, hexagonal"	"1673"
"VM2668"	"Värmlands museum, Karlstad"	""	""	""	""	""	""
"VM2669"	"Värmlands museum, Karlstad"	""	""	""	""	""	"1685"
"VM2670"	"Värmlands museum, Karlstad"	""	""	""	""	""	"1693"
"VM2671"	"Värmlands museum, Karlstad"	"?Värmlands Finnmark"	"0"	"0"	"Åbo"	"staff"	"?1759"
"VM2672"	"Värmlands museum, Karlstad"	"0"	"0"	"0"	"Åbo"	"staff"	"1729"
"VM3107"	"Värmlands museum, Karlstad"	"Värmland (b/c norwegian and skara saints)"	"0"	"0"	"Skara"	"sword"	"0"
"VM3108"	"Värmlands museum, Karlstad"	"Skara on the border with Norway b/c Norwegian and Skara saints. Probably Värmland"	"0"	"0"	"Skara"	"sword"	"1614"
"VM3109"	"Värmlands museum, Karlstad"	"0"	"0"	"0"	"0"	"staff, octagonal"	"0"
"VM3110"	"Värmlands museum, Karlstad"	"Possibly Värmland: Mostly Finnish, though with Rikssvensk 19/1 Henrik and Norwegian 15/5 Halvard"	"0"	"0"	"Åbo"	"staff"	"1718, 1722"
"VM3111"	"Värmlands museum, Karlstad"	"Skara on the border with Norway (Värmland, Dalsland) b/c Norwegian and Skara saints"	"0"	"0"	"Skara"	"sword"	"0"
"VM3112"	"Värmlands museum, Karlstad"	"Skara on the border with Norway b/c Norwegian and Skara saints. Probably Värmland"	"0"	"0"	"Skara"	"sword"	"0"
"VM3113"	"Värmlands museum, Karlstad"	"Skara on the border with Norway b/c Norwegian and Skara saints. Probably Värmland"	"0"	"0"	"Skara"	"sword"	"0"
"VM3114"	"Värmlands museum, Karlstad"	"0"	"0"	"0"	"0"	"fancy walking stick"	""
"VM32258"	"Värmlands museum, Karlstad"	"0"	"0"	"0"	"0"	"fancy walking stick"	""
"VM20557"	"Värmlands museum, Karlstad"	"Skåne / Halland (possibly Lund)"	"0"	"0"	"?Lund"	"sword"	"1666"
"SÄM1002"	"Sörmlands museum, Strängnäs"	"0"	"0"	"0"	"Uppsala"	"sword"	"Probably 1600s"
"SÄM1003"	"Sörmlands museum, Strängnäs"	"0"	"0"	"0"	"0"	"fancy walking stick"	"pre-1857"
"SÄM1004"	"Sörmlands museum, Strängnäs"	"0"	"0"	"0"	"0"	"fancy walking stick"	"pre-1857"
"SÄM1005"	"Sörmlands museum, Strängnäs"	"0"	"0"	"0"	"0"	"fancy walking stick, octagonal"	"pre-1855"
"SÄM1006"	"Sörmlands museum, Strängnäs"	"0"	"0"	"0"	"0"	"fancy walking stick"	""
"SÄM1007"	"Sörmlands museum, Strängnäs"	"0"	"0"	"0"	"0"	"staff, heptagonal"	"pre-1858"
"SÄM1008"	"Sörmlands museum, Strängnäs"	"0"	"0"	"0"	"0"	"staff, octagonal"	"1642"
"SLM20364"	"Södermanlands länsmuseum"	"Dalarna"	"0"	""	"Dalarna"	"paddle"	"1728"
"SLM20367"	"Södermanlands länsmuseum"	"Skara / Lund"	"0"	"0"	"Skara / Lund"	"staff, hexagonal"	"Probably 1600-1650"
"NM6454"	"Nordiska museet"	"Dalarna"	"Leksand"	""	"Dalarna"	"staff"	"1718, 1852"
"NM81378"	"Nordiska museet"	"Dalarna"	"0"	""	"Dalarna"	"paddle/sword"	"0"
"NM81621"	"Nordiska museet"	"Dalarna"	"Sollerö"	""	"Dalarna"	"paddle"	"0"
"NM40594"	"Nordiska museet"	"0"	"Älvdalen"	""	"Västerås"	"paddle"	"1656, 1660, 1661"
"NM64455"	"Nordiska museet"	"Dalarna"	"Venjan"	""	"Dalarna"	"paddle"	"1644, 1649, 1651, 1713, 1714, 1841"
"NM33039"	"Nordiska museet"	"Orsbleck, Dalarna"	"Orsa"	""	"Dalarna"	"paddle"	"1634, 1736"
"NM178178"	"Nordiska museet"	"0"	"Värmdö"	"Värmdö skeppslag"	"Uppsala"	"paddle/sword"	"0"
"NM77715"	"Nordiska museet"	"0"	"Lillhärdal"	""	"Härjedalen"	"paddle"	"0"
"NM43612"	"Nordiska museet"	"Dalarna"	"Mora"	""	"Dalarna"	"paddle"	"1565, 1594"
"NM31145"	"Nordiska museet"	"Dalarna"	"Älvdalen"	""	"Västerås"	"paddle"	"1645"
"NM31146"	"Nordiska museet"	"Månsta"	"Älvdalen"	""	"Västerås"	"paddle"	"0"
"NM174921"	"Nordiska museet"	"Dalarna"	"0"	""	"Dalarna"	"paddle"	"0"
"NM43613"	"Nordiska museet"	"Dalarna"	"Mora"	""	"Dalarna"	"paddle"	"0"
"NM46866"	"Nordiska museet"	"Dalarna"	"Mora"	""	"Dalarna"	"paddle"	"1588"
"NM20316"	"Nordiska museet"	"Dalarna"	"0"	""	"Dalarna"	"paddle"	"1664"
"NM14941"	"Nordiska museet"	"Dalarna"	"0"	""	"Dalarna"	"paddle"	"1730"
"NM15798"	"Nordiska museet"	"Dalarna"	"Orsa"	""	"Dalarna"	"sword, octagonal"	"1731, 1768, 1821"
"NM14302"	"Nordiska museet"	"Dalarna"	"Venjan"	""	"Dalarna"	"paddle"	"1851"
"NM46867"	"Nordiska museet"	"Dalarna"	"Mora"	""	"Dalarna"	"paddle"	"0"
"NM46868"	"Nordiska museet"	"Dalarna"	"Mora"	""	"Dalarna"	"paddle"	"1595"
"NM53155"	"Nordiska museet"	"Orsa kommun, Dalarna"	"Skattunge"	""	"Västerås"	"paddle"	"0"
"NM124228"	"Nordiska museet"	"0"	"0"	"0"	"0"	"paddle"	"1593, 1611, 1640"
"NM34513"	"Nordiska museet"	"0"	"Älvdalen"	""	"Västerås"	"paddle"	"0"
"NM20350"	"Nordiska museet"	"Dalarna"	"Mora"	""	"Dalarna"	"paddle"	"1618, 1648, 1850, 1664, 1676"
"NM25911"	"Nordiska museet"	"Dalarna"	"Mora"	""	"Dalarna"	"paddle"	"0"
"NM25914"	"Nordiska museet"	"0"	"Älvdalen"	""	"Västerås"	"paddle"	"0"
"NM25913"	"Nordiska museet"	"0"	"Älvdalen"	""	"Västerås"	"paddle"	"0"
"NM25915"	"Nordiska museet"	"0"	"Älvdalen"	""	"Västerås"	"paddle"	"1629"
"NM25916"	"Nordiska museet"	"0"	"Älvdalen"	""	"Västerås"	"paddle"	"0"
"NM18937"	"Nordiska museet"	"Evertsberg"	"Älvdalen"	""	"Västerås"	"paddle"	"1658, 1667"
"NM21712"	"Nordiska museet"	"Dalarna"	"Leksand"	""	"Dalarna"	"paddle"	"0"
"NM12900"	"Nordiska museet"	"Dalarna"	"Mora"	""	"Dalarna"	"paddle"	"0"
"NM25919"	"Nordiska museet"	""	""	""	""	""	""
"NM25921"	"Nordiska museet"	""	""	""	""	""	""
"NM26847"	"Nordiska museet"	""	""	""	""	""	""
"NM26842"	"Nordiska museet"	""	""	""	""	""	""
"NM26851"	"Nordiska museet"	""	""	""	""	""	""
"NM27172"	"Nordiska museet"	""	""	""	""	""	""
"NM30214"	"Nordiska museet"	"Dalarna"	"0"	"0"	"Västerås"	""	""
"NM9759"	"Nordiska museet"	"in ink: wika, mora"	"Mora"	""	"Västerås"	"paddle"	"1726"
"NM2429"	"Nordiska museet"	"Dalarna"	"Mora"	""	"Västerås"	"paddle"	"1627"
"NM2430"	"Nordiska museet"	"Dalarna"	"Mora"	""	"Västerås"	"paddle"	"0"
"NM6971"	"Nordiska museet"	"Dalarna"	"Älvdalen"	""	"Västerås"	"paddle"	"0"
"NM4752"	"Nordiska museet"	"Dalarna"	"Mora"	""	"Västerås"	"paddle"	"1504"
"NM6453"	"Nordiska museet"	"Dalarna"	"Mora"	""	"Västerås"	"paddle"	"0"
"NM12684"	"Nordiska museet"	"Dalarna"	"Sollerö"	""	"Västerås"	"paddle"	"1628, 1639"
"NM12699"	"Nordiska museet"	"Dalarna"	"Sollerö"	""	"Västerås"	"paddle"	"0"
"NM12712"	"Nordiska museet"	"Dalarna"	"Venjan"	""	"Västerås"	"paddle"	"1654, 1656, 1664, 1673, 1652, 1680"
"NM19106"	"Nordiska museet"	"Dalarna"	"Lima"	""	"Västerås"	"paddle"	"0"
"NM12702"	"Nordiska museet"	"Dalarna"	"Sollerö"	""	"Västerås"	"paddle"	"0"
"NM30610"	"Nordiska museet"	"Dalarna"	"Malung"	""	"Västerås"	"paddle"	"0"
"NM56966"	"Nordiska museet"	"Dalarna"	"Leksand"	""	"Västerås"	"paddle"	"1675 (later addition)"
"NM12701"	"Nordiska museet"	"Dalarna"	"Sollerö"	""	"Västerås"	"paddle"	"1658"
"NM25917"	"Nordiska museet"	"Dalrunor"	"0"	"0"	"Västerås"	"paddle"	"1709"
"NM174952"	"Nordiska museet"	""	""	""	""	""	""
"NM124226"	"Nordiska museet"	"0"	"0"	"0"	"0"	"sword"	"1651"
"NM22787"	"Nordiska museet"	"0"	"0"	"0"	"0"	"walking stick, round"	"1662"
"NM17314"	"Nordiska museet"	"Dalarna"	"Mora"	""	"Västerås"	"paddle"	"0"
"NM12847"	"Nordiska museet"	"Dalarna"	"Mora"	""	"Västerås"	"paddle"	"1653"
"NM174987"	"Nordiska museet"	"Dalarna"	"0"	""	"Västerås"	"paddle"	"0"
"NM82928"	"Nordiska museet"	"Dalarna"	"Mora"	""	"Västerås"	"paddle"	"0"
"NM25922"	"Nordiska museet"	"Dalarna"	"Älvdalen"	""	"Västerås"	"paddle"	"0"
"NM43614"	"Nordiska museet"	"Dalarna"	"0"	""	"Västerås"	"paddle"	"0"
"NM30764"	"Nordiska museet"	"Dalarna"	"0"	""	"Dalarna"	"paddle"	"0"
"NM31945"	"Nordiska museet"	"Dalarna"	"0"	""	"Dalarna"	"paddle"	"0"
"NM37565"	"Nordiska museet"	"Småland"	"0"	"0"	"Småland"	"sword"	"0"
"NM25918"	"Nordiska museet"	"Dalarna"	"Älvdalen"	""	"Västerås"	"paddle"	"1668, 1692"
"NM13169"	"Nordiska museet"	"Dalarna"	"Älvdalen"	""	"Västerås"	"paddle"	"1644"
"NM18936"	"Nordiska museet"	"Dalarna, Mångsbo fäboder"	"0"	""	"Västerås"	"paddle"	"1746"
"NM4753"	"Nordiska museet"	"Mångsbo fäboder, Dalarna"	"Mora"	""	"Dalarna"	"paddle"	"1554"
"NM12912"	"Nordiska museet"	""	""	""	""	""	""
"NM12700"	"Nordiska museet"	"Dalarna"	"Sollerö"	""	"Dalarna"	"paddle"	"1686"
"NM13767"	"Nordiska museet"	""	""	""	""	""	""
"MK285"	"Munktorps kyrka"	"0"	"0"	"0"	"0"	"sword"	"1705"
"NM17309"	"Nordiska museet"	"Dalarna"	"Sollerö"	""	"Dalarna"	"paddle"	"1674"
"NM14304"	"Nordiska museet"	"Dalarna"	"Venjan"	""	"Dalarna"	"paddle"	"1643"
"NM29949"	"Nordiska museet"	"0"	"Älvdalen"	""	"Västerås"	"paddle"	"1674"
"NM87273"	"Nordiska museet"	"0"	"0"	"0"	"0"	"staff, octagonal"	"1637"
"NM104224"	"Nordiska museet"	"0"	"Undersåker"	""	"Jämtland"	"paddle"	"1740"
"NM78506"	"Nordiska museet"	"0"	"0"	"0"	"Stockholm"	"sword"	"1895"
"NM5079"	"Nordiska museet"	"Värmland"	"Rämmen"	"Färnebo härad"	"Skara"	"square"	"1718"
"NM155830"	"Nordiska museet"	"0"	"0"	"0"	"0"	"paddle"	"0"
"NM198989"	"Nordiska museet"	"?Norway / Härjedalen"	"0"	"0"	"Norway / Härjedalen"	"paddle"	"0"
"NM174998"	"Nordiska museet"	"0"	"0"	"0"	"0"	"paddle"	"0"
"NM174997"	"Nordiska museet"	"Dalarna"	"0"	""	"Dalarna"	"paddle"	"0"
"NM174996"	"Nordiska museet"	"Dalarna"	"0"	""	"Dalarna"	"paddle"	"0"
"NM174995"	"Nordiska museet"	"Dalarna"	"0"	""	"Dalarna"	"paddle"	"0"
"NM174994"	"Nordiska museet"	"Dalarna"	"0"	""	"Dalarna"	"paddle"	"1652"
"NM174992"	"Nordiska museet"	"Dalarna"	"0"	""	"Dalarna"	"paddle"	"?1619"
"NM175001"	"Nordiska museet"	"Dalarna"	"0"	""	"Dalarna"	"paddle"	"0"
"NM174988"	"Nordiska museet"	"Dalarna"	"0"	""	"Dalarna"	"paddle"	"1691"
"NM186040"	"Nordiska museet"	"0"	"0"	"0"	"0"	"paddle"	"0"
"NM175000"	"Nordiska museet"	"Dalarna"	"0"	""	"Dalarna"	"paddle"	"0"
"NM174971"	"Nordiska museet"	"0"	"0"	"0"	"0"	"sword"	"0"
"NM174983"	"Nordiska museet"	"0"	"0"	"0"	"0"	"sword"	"0"
"NM174944"	"Nordiska museet"	"0"	"0"	"0"	"0"	"sword"	"0"
"NM174978"	"Nordiska museet"	"0"	"0"	"0"	"0"	"sword"	"0"
"NM174959"	"Nordiska museet"	"0"	"0"	"0"	"0"	"sword"	"0"
"NM174963"	"Nordiska museet"	"0"	"0"	"0"	"0"	"sword"	"0"
"NM174967"	"Nordiska museet"	"0"	"0"	"0"	"0"	"sword"	"0"
"NM175044"	"Nordiska museet"	"0"	"0"	"0"	"0"	"sword"	"0"
"NM175022"	"Nordiska museet"	"0"	"0"	"0"	"0"	"staff, octagonal"	"1718"
"NM175037"	"Nordiska museet"	"0"	"0"	"0"	"0"	"staff, octagonal"	"1640"
"NM175036"	"Nordiska museet"	"0"	"0"	"0"	"0"	"staff, hexagonal"	"0"
"NM175031"	"Nordiska museet"	"0"	"0"	"0"	"0"	"staff, octagonal"	"1647"
"NM175032"	"Nordiska museet"	"0"	"0"	"0"	"0"	"staff, hexagonal"	"1672"
"NM175045"	"Nordiska museet"	"0"	"0"	"0"	"0"	"staff, heptagonal"	"0"
"NM175029"	"Nordiska museet"	"0"	"0"	"0"	"0"	"staff, hexagonal"	"1669"
"NM175028"	"Nordiska museet"	"0"	"0"	"0"	"0"	"staff, octagonal"	"1642"
"NM45603"	"Nordiska museet"	"Jämtland"	"Klövsjö"	""	"Jämtland"	"paddle"	"1666, 1684, 1689"
"NM4968"	"Nordiska museet"	"Härjedalen"	"Tännäs"	""	"Härjedalen"	"sword"	"0"
"NM175063"	"Nordiska museet"	"Norway"	"0"	"0"	"Norway"	"sword"	"0"
"NM101119"	"Nordiska museet"	"Värmland"	"Sunne"	"Fryksdals härad"	"Karlstad, Värmland"	"paddle"	"1412"
"NM175040"	"Nordiska museet"	"0"	"0"	"0"	"0"	"staff, octagonal"	"0"
"NM175051"	"Nordiska museet"	"0"	"0"	"0"	"0"	"bear spear, round"	"0"
"NM175062"	"Nordiska museet"	"0"	"0"	"0"	"0"	"axe"	"0"
"NM175059"	"Nordiska museet"	"0"	"0"	"0"	"0"	"sword"	"0"
"NM45602"	"Nordiska museet"	"Jämtland"	"Bergs socken"	"0"	"Uppsala"	"sword"	"1637"
"NM227799"	"Nordiska museet"	"0"	"0"	"0"	"0"	"sword"	"0"
"NM174968"	"Nordiska museet"	"Västergötland"	"0"	"0"	"Skara"	"sword"	"1646"
"NM124227"	"Nordiska museet"	"0"	"0"	"0"	"0"	"sword"	"1683"
"NM228534"	"Nordiska museet"	"0"	"0"	"0"	"0"	"sword"	"0"
"NM249534"	"Nordiska museet"	"0"	"0"	"0"	"0"	"sword"	"0"
"NM185519"	"Nordiska museet"	"Uppland"	"0"	"0"	"Uppsala"	"sword"	"0"
"NM253758"	"Nordiska museet"	"0"	"0"	"0"	"0"	"staff, octagonal"	"0"
"NM6973"	"Nordiska museet"	"0"	"0"	"0"	"0"	"staff, octagonal"	"0"
"NM23122"	"Nordiska museet"	"0"	"0"	"0"	"0"	"staff, octagonal"	"1811"
"NM175043"	"Nordiska museet"	"Dalarna"	"0"	""	"Dalarna"	"staff"	"0"
"NM151153"	"Nordiska museet"	"0"	"0"	"0"	"0"	"staff"	"0"
"NM30215"	"Nordiska museet"	"Dalarna"	"Nå"	""	"Västerås"	"staff"	"1720, 1793"
"NM72168"	"Nordiska museet"	"0"	"Brunskog"	"Jösse härad"	"Åbo"	"staff"	"1717, 1719, 1735"
"NM15070"	"Nordiska museet"	"0"	"0"	"0"	"0"	"staff, hexagonal"	"1704"
"NM88171"	"Nordiska museet"	"Värmland"	"Mangskog"	"Jösse härad"	"Värmland"	"staff, long handle"	"1784, 1791, 1792, 1793, 1804"
"NM30763"	"Nordiska museet"	"Kalmar"	"0"	"0"	"Kalmar"	"staff"	"1434"
"NM87546"	"Nordiska museet"	"0"	"0"	"0"	"0"	"sword"	"1684"
"NM228535"	"Nordiska museet"	"0"	"0"	"0"	"0"	"staff"	"1682, 1685"
"NM53385"	"Nordiska museet"	"0"	"0"	"0"	"0"	"staff, octagonal"	"0"
"NM144247"	"Nordiska museet"	"Uppland"	"0"	"0"	"Uppsala"	"staff, octagonal"	"0"
"NM58658"	"Nordiska museet"	"0"	"0"	"0"	"0"	"staff, hexagonal"	"1640"
"NM148335"	"Nordiska museet"	"0"	"0"	"0"	"Linköping"	"staff, heptagonal"	"1638"
"NM51416"	"Nordiska museet"	"0"	"0"	"0"	"0"	"staff, octagonal"	"0"
"NM138322"	"Nordiska museet"	"Närke"	"0"	"0"	"Närke"	"sword"	"0"
"NM154677"	"Nordiska museet"	"0"	"0"	"0"	"0"	"sword"	"0"
"NM178176"	"Nordiska museet"	"0"	"0"	"0"	"0"	"sword"	"0"
"NM178170"	"Nordiska museet"	"0"	"Fellingsbro"	"Fellingsbro härad"	"Västerås"	"sword"	"1679"
"NM30765"	"Nordiska museet"	"SL; Kalmar Län"	"0"	"0"	"Kalmar"	"staff, heptagonal"	"1595-1620"
"NM175050"	"Nordiska museet"	"0"	"0"	"0"	"0"	"sword"	"0"
"NM11730"	"Nordiska museet"	"Västerbotten/Ångermanland"	"Bjurholm"	""	"Västerbotten/Ångermanland"	"sword"	"1666"
"NM23895"	"Nordiska museet"	"Medelpad"	"Attmar"	""	"Uppsala"	"sword, hexagonal"	"0"
"NM80504"	"Nordiska museet"	"Västmanland"	"Väster-Lövsta"	"Simtuna / Torstuna härader"	"Västerås"	"sword"	"0"
"NM62805"	"Nordiska museet"	"Östergötland"	"Josefina"	"0"	"Linköping"	"sword"	"0"
"NM77610"	"Nordiska museet"	"0"	"0"	"0"	"0"	"sword"	"0"
"NM46312"	"Nordiska museet"	"0"	"0"	"0"	"0"	"sword"	"0"
"NM63486"	"Nordiska museet"	"0"	"0"	"0"	"0"	"sword"	"1668"
"NM30767"	"Nordiska museet"	"Kalmar län, ?Öland"	"0"	"0"	"0"	"sword"	"0"
"NM33522"	"Nordiska museet"	"Östergötland"	"0"	"0"	"Linköping"	"sword"	"0"
"NM30768"	"Nordiska museet"	"0"	"0"	"0"	"0"	"sword"	"0"
"NM398"	"Nordiska museet"	"Östergötland"	"0"	"0"	"Linköping"	"sword"	"0"
"NM45601"	"Nordiska museet"	"Medelpad"	"Borgsjö"	"0"	"Uppsala"	"sword"	"0"
"NM4655"	"Nordiska museet"	"0"	"0"	"0"	"0"	"sword"	"1669, 1715"
"NM175024"	"Nordiska museet"	"0"	"0"	"0"	"0"	"sword, hexagonal"	"1415"
"NM19622"	"Nordiska museet"	"0"	"0"	"0"	"0"	"staff, hexagonal"	"0"
"NM37527"	"Nordiska museet"	"Småland"	"Ingatorps socken"	"0"	"Linköping"	"staff, heptagonal"	"0"
"NM174993"	"Nordiska museet"	"0"	"0"	"0"	"0"	"paddle"	"0"
"NM175005"	"Nordiska museet"	"0"	"0"	"0"	"0"	"paddle"	"0"
"NM174908"	"Nordiska museet"	"Kalmar Län"	"0"	"0"	"Linköping"	"sword"	"0"
"NM175070"	"Nordiska museet"	"0"	"0"	"0"	"0"	"sword"	"1709"
"NM175066"	"Nordiska museet"	"0"	"0"	"0"	"0"	"sword"	"0"
"NM175048"	"Nordiska museet"	"0"	"0"	"0"	"0"	"sword"	"0"
"NM174986"	"Nordiska museet"	"0"	"0"	"0"	"0"	"sword"	"0"
"NM9758"	"Nordiska museet"	"0"	"0"	"0"	"0"	"sword"	"1639"
"NM6972"	"Nordiska museet"	"0"	"0"	"0"	"0"	"sword"	"0"
"NM174917"	"Nordiska museet"	"0"	"0"	"0"	"0"	"paddle"	"0"
"NM174925"	"Nordiska museet"	"0"	"0"	"0"	"0"	"paddle"	"0"
"NM174924"	"Nordiska museet"	"Dalarna"	"0"	"0"	"Västerås"	"paddle"	"0"
"NM174911"	"Nordiska museet"	"Småland"	"0"	"Jösse härad"	"Finland / Värmlands Finnbygder"	"sword"	"1764"
"NM174906"	"Nordiska museet"	"Blekinge"	"Tvings socken"	"Medelstads härad"	"?Lund"	"sword"	"?1617"
"NM174903"	"Nordiska museet"	"0"	"0"	"0"	"0"	"sword"	"1543"
"NM174943"	"Nordiska museet"	"0"	"0"	"0"	"0"	"sword"	"0"
"NM174932"	"Nordiska museet"	"0"	"0"	"0"	"0"	"sword"	"0"
"NM174907"	"Nordiska museet"	"Gästrikland"	"0"	"0"	"0"	"sword"	"1654, 1663, 1693"
"NM175002"	"Nordiska museet"	"Norway"	"0"	"0"	"Norway"	"paddle"	"1651"
"NM174912"	"Nordiska museet"	"Värmland"	"Finnskoga"	"Älvdals härad"	"Karlstad, Värmland"	"sword"	"1734, 1748"
"NM174940"	"Nordiska museet"	"0"	"0"	"0"	"0"	"sword"	"1611"
"NM175072"	"Nordiska museet"	"0"	"0"	"0"	"0"	"book"	"0"
"NM175018"	"Nordiska museet"	"0"	"0"	"0"	"0"	"book"	"0"
"NM175076"	"Nordiska museet"	"0"	"0"	"0"	"0"	"book"	"0"
"NM174946"	"Nordiska museet"	"0"	"0"	"0"	"0"	"sword, long handle"	"0"
"NM174956"	"Nordiska museet"	"0"	"0"	"0"	"0"	"sword, long handle"	"0"
"NM174958"	"Nordiska museet"	"0"	"0"	"0"	"0"	"sword"	"0"
"NM174945"	"Nordiska museet"	"0"	"0"	"0"	"0"	"sword"	"0"
"NM174962"	"Nordiska museet"	"0"	"0"	"0"	"0"	"sword, long handle"	"0"
"NM30611"	"Nordiska museet"	"Östra fors, Dalarna"	"Malung"	""	"Dalarna"	"oval/split"	"1623, 1633"
"NM-okänd"	"Nordiska museet"	"?Västmanland"	"0"	"0"	"Skara"	"sword"	"0"
"NM utan nr"	"Nordiska museet"	"0"	"0"	"0"	"0"	"sword"	"1671, 1678, 1680, 1681, 1682, 1684, 1699"
"NM174894"	"Nordiska museet"	"0"	"0"	"0"	"0"	"gunpowder horn"	"0"
"NM174926"	"Nordiska museet"	"0"	"0"	"0"	"0"	"staff, round"	"1697"
"NM175035"	"Nordiska museet"	"0"	"0"	"0"	"0"	"staff, round"	"1700s"
"NM175030"	"Nordiska museet"	"0"	"0"	"0"	"0"	"staff, heptagonal"	"1653, 1657"
"NM13779"	"Nordiska museet"	"Søndre Bergenhus amt, Hardanger, Norway"	"0"	"Hardanger"	"Norway"	"sword"	"0"
"NM174920"	"Nordiska museet"	"Östergötland"	"0"	"0"	"Linköping"	"book"	"1678, 1681, 1686"
"NM175015"	"Nordiska museet"	"Östergötland"	"0"	"0"	"Linköping"	"book"	"late 1600s probably"
"NM174928"	"Nordiska museet"	"Uppland"	"0"	"0"	"Uppsala"	"book"	"1600s (the year 1412 is incorrect)"
"NM175017"	"Nordiska museet"	"Västergötland"	"Stenstorp"	"Gudhems härad"	"Skara"	"book"	"1626"
"NM175013"	"Nordiska museet"	"0"	"0"	"0"	"0"	"book"	"0"
"NM198990"	"Nordiska museet"	"0"	"0"	"0"	"0"	"book"	"0"
"NM175009"	"Nordiska museet"	"0"	"0"	"0"	"Åbo"	"book"	"1666"
"NM174936"	"Nordiska museet"	""	""	""	""	""	""
"NM175021"	"Nordiska museet"	"0"	"Öreryd"	"Mo härad"	"?Skara"	"staff, octagonal"	"0"
"NM175027"	"Nordiska museet"	"0"	"0"	"0"	"0"	"staff, octagonal"	"0"
"NM175023"	"Nordiska museet"	"0"	"0"	"0"	"?Västerås"	"staff, octagonal"	"0"
"NM89931"	"Nordiska museet"	"Älgmyra fund, Öja"	"Tjällmo"	"Finspånga läns härad"	"Östergötland"	"staff, octagonal"	"0"
"NM174970"	"Nordiska museet"	"0"	"0"	"0"	"0"	"sword"	"0"
"NM174957"	"Nordiska museet"	"0"	"0"	"0"	"0"	"sword"	"?1722"
"NM25920"	"Nordiska museet"	"Kålilla, Dalarna"	"Älvdalen"	""	"Dalarna"	"paddle"	"1586"
"NM26072"	"Nordiska museet"	"Ormsö"	"0"	""	"Estonia"	"book"	"0"
"NM89901"	"Nordiska museet"	"0"	"0"	"0"	"Gammalsvenskby"	"book"	"1766"
"NM174942"	"Nordiska museet"	"0"	"0"	"0"	"Uppsala"	"sword"	"?1577"
"NM174969"	"Nordiska museet"	""	""	""	""	""	""
"NM174689"	"Nordiska museet"	""	""	""	""	""	""
"Gammelsvenskby 1827"	"Nordiska museet"	"0"	"0"	"0"	"Gammalsvenskby"	""	""
"Gammelsvenskby 1766"	"Nordiska museet"	"0"	"0"	"0"	"Gammalsvenskby"	""	""
"GM8751"	"Länsmuseum Gävleborg, Gävle"	"?Gävle"	"0"	"0"	"?Gästrikland"	"paddle"	"1641"
"GML67"	"Länsmuseum Gävleborg, Gävle"	"Dalarna"	"Orsa"	""	"Dalarna"	"staff, octagonal"	"?1740"
"GM6206"	"Länsmuseum Gävleborg, Gävle"	"0"	"0"	"0"	"0"	"paddle"	"0"
"GM265"	"Länsmuseum Gävleborg, Gävle"	"Svenskaby"	"Voxna"	""	"Hälsingland"	"paddle"	"1715"
"JLM198"	"Jamtli, Jämtlands Läns Museum"	"Härjedalen"	"Tännäs"	""	"Jämtland"	"box"	"1610"
"JLM1062"	"Jamtli, Jämtlands Läns Museum"	"Vana"	"Frösö"	""	"Jämtland"	"sword, long handle"	"1633"
"JLM1061"	"Jamtli, Jämtlands Läns Museum"	"0"	"Hammerdal"	"Hammerdals Tingslag"	"Jämtland"	"sword"	"1705"
"JLM1064"	"Jamtli, Jämtlands Läns Museum"	"0"	"Frösö"	""	"Jämtland"	"sword"	"1709"
"JLM1828"	"Jamtli, Jämtlands Läns Museum"	"Sem"	"Ås"	"Västbo härad"	"Jämtland"	"walking stick, round"	"0"
"JLM2227"	"Jamtli, Jämtlands Läns Museum"	"Hovdsjö"	"Nyhem"	""	"Jämtland"	"paddle"	"0"
"JLM1063"	"Jamtli, Jämtlands Läns Museum"	"0"	"0"	"0"	"0"	"paddle"	"0"
"JLM1060"	"Jamtli, Jämtlands Läns Museum"	""	""	""	""	"fancy walking stick"	""
"M136"	"Norrlands museer"	"Östra Tolbo"	"Delsbo"	""	"Hälsingland"	"staff, heptagonal"	"0"
"M137"	"Norrlands museer"	"0"	"0"	"0"	"0"	"paddle"	"1419"
"M138"	"Norrlands museer"	"0"	"0"	"0"	"0"	"paddle"	"1714"
"M139"	"Norrlands museer"	"0"	"0"	"0"	"0"	"sword"	"0"
"M15808"	"Norrlands museer"	"0"	"Lillhärdal"	""	"Härjedalen"	"washing paddle"	"1614"
"M6697"	"Norrlands museer"	"Vansta by"	"Bollnäs"	""	"Hälsingland"	"staff"	"0"
"M12314"	"Norrlands museer"	"0"	"0"	"0"	"0"	"staff, hexagonal"	"0"
"VM23115"	"Norrlands museer"	"0"	"Släp"	"Fjäre härad"	"Halland"	"staff, round"	"1700s probably"
"VM23116"	"Norrlands museer"	"0"	"Släp"	"Fjäre härad"	"Halland"	"staff, round"	"1700s probably"
"BLM222"	"Blekinge länsmuseum"	"0"	"0"	"0"	"0"	"walking stick, round"	"1660"
"BLM221"	"Blekinge länsmuseum"	"0"	"0"	"0"	"0"	"staff, round"	"1671"
"BLM11396"	"Blekinge länsmuseum"	"0"	"0"	"0"	"0"	"paddle"	"1657"
"BLM3566"	"Blekinge länsmuseum"	"0"	"0"	"0"	"0"	"walking stick, round"	"Late 1700s, early 1800s"
"BLM852"	"Blekinge länsmuseum"	"0"	"0"	"0"	"0"	"walking stick, round"	"0"
"BLM853"	"Blekinge länsmuseum"	"0"	"0"	"0"	"0"	"walking stick, round"	"0"
"BLM9864"	"Blekinge länsmuseum"	"0"	"0"	"0"	"0"	"fancy walking stick"	"1801"
"NM174916"	"Nordiska museet"	"0"	"0"	"0"	"0"	"paddle"	"0"
"NM174991"	"Nordiska museet"	"0"	"0"	"0"	"0"	"paddle"	"0"
"NM174898"	"Nordiska museet"	"0"	"0"	"0"	"0"	"paddle"	"0"
"NM174990"	"Nordiska museet"	"0"	"0"	"0"	"?Uppland"	"paddle"	"0"
"NM174989"	"Nordiska museet"	"0"	"0"	"0"	"?Uppland"	"paddle"	"0"
"NM3228"	"Nordiska museet"	"Gotland"	"Barlingsbo"	"0"	"Linköping"	"paddle"	"0"
"NM28816"	"Nordiska museet"	"0"	"Ljusdal"	""	"Hälsingland"	"paddle"	"?1655 (sekundärt?)"
"NM175004"	"Nordiska museet"	"0"	"0"	"0"	"0"	"paddle"	"0"
"NM174999"	"Nordiska museet"	"0"	"0"	"0"	"0"	"paddle"	"1714"
"NM174915"	"Nordiska museet"	"0"	"0"	"0"	"0"	"paddle"	"0"
"NM175003"	"Nordiska museet"	"0"	"0"	"0"	"0"	"paddle"	"0"
"NM228533"	"Nordiska museet"	"?Västergötland"	"0"	"0"	"0"	"sword"	"0"
"NM228536"	"Nordiska museet"	"?Södermanland"	"0"	"0"	"?Södermanland"	"staff, hexagonal"	"0"
"NM91672"	"Nordiska museet"	""	""	""	""	"sword"	""
"NM187548"	"Nordiska museet Ärkestiftet"	"Uppland"	"Ununge"	"Näringshundra härad"	"Uppsala"	"sword"	"0"
"NM174889"	"Nordiska museet Ärkestiftet"	"Uppland"	"0"	"0"	"Uppsala"	"sword"	"1500s"
"NM174891"	"Nordiska museet Ärkestiftet"	"Uppland"	"0"	"0"	"Uppsala"	"sword"	"0"
"NM174890"	"Nordiska museet Ärkestiftet"	"Uppland"	"Färentuna"	"Färentuna härad"	"Uppsala"	"sword"	"0"
"NM25371"	"Nordiska museet Ärkestiftet"	"0"	"Björklinge"	"Norunda härad"	"Uppsala"	"sword"	"1592"
"NM174887"	"Nordiska museet Ärkestiftet"	"Uppland"	"Munsö"	"Färentuna härad"	"Uppsala"	"sword"	"0"
"NM124225"	"Nordiska museet Ärkestiftet"	"Uppland"	"0"	"0"	"Uppsala"	"sword"	"1596"
"NM175061"	"Nordiska museet Ärkestiftet"	"Uppland"	"0"	"0"	"Uppsala"	"staff"	"0"
"NM174919"	"Nordiska museet Ärkestiftet"	"Uppland"	"0"	"0"	"Uppsala"	"sword"	"0"
"NM174893"	"Nordiska museet Ärkestiftet"	"Uppland"	"0"	"0"	"Uppsala"	"staff, hexagonal"	"0"
"NM4263"	"Nordiska museet Ärkestiftet"	"Uppland"	"Tegelsmora"	"Olands härad"	"Uppsala"	"sword, hexagonal"	"0"
"Rhezelius"	"?"	""	""	""	""	""	""
"Bureus 1599"	"?"	""	""	""	""	""	"1599"
"NM174892"	"Nordiska museet Ärkestiftet"	"Färentuna, Uppland"	"Hilleshög"	"Färentuna härad"	"Uppsala"	"staff"	"0"
"NM174888"	"Nordiska museet Ärkestiftet"	"Uppland"	"Hammarby"	"Vallentun härad"	"Uppsala"	"sword"	"0"
"NM49923"	"Nordiska museet Ärkestiftet"	"Uppland"	"Vassunda"	"Ärlinghundra härad"	"Uppsala"	"sword"	"?1650"
"NM4602"	"Nordiska museet Ärkestiftet"	"Roslagen"	"0"	"Roslagen"	"Uppsala"	"sword"	"?1755"
"NM174947"	"Nordiska museet Ärkestiftet"	"Uppland"	"0"	"0"	"Uppsala"	"sword"	"0"
"NM174951"	"Nordiska museet Ärkestiftet"	"?Småland"	"0"	"0"	"Linköping"	"sword"	"1500s-1600s"
"NM174953"	"Nordiska museet Ärkestiftet"	"?Småland"	"0"	"0"	"Linköping"	"sword"	"1500s"
"NM174950"	"Nordiska museet Ärkestiftet"	"0"	"0"	"0"	"Linköping"	"sword"	"0"
"NM174964"	"Nordiska museet Ärkestiftet"	"0"	"0"	"0"	"Linköping"	"sword"	"1600s"
"NM174948"	"Nordiska museet Ärkestiftet"	"0"	"0"	"0"	"Linköping"	"sword"	"1500s"
"NM174949"	"Nordiska museet Ärkestiftet"	"0"	"0"	"0"	"Linköping"	"sword"	"1500s"
"NM174961"	"Nordiska museet Ärkestiftet"	"0"	"0"	"0"	"Linköping"	"sword"	"1600c"
"NM174974"	"Nordiska museet Ärkestiftet"	"0"	"0"	"0"	"Linköping"	"sword"	"1500s"
"NM174977"	"Nordiska museet Ärkestiftet"	"0"	"0"	"0"	"Linköping"	"sword"	"1600s"
"NM174981"	"Nordiska museet Ärkestiftet"	"0"	"0"	"0"	"Linköping"	"sword"	"1642, 1671, 1655, 1667, 1701"
"NM174966"	"Nordiska museet Ärkestiftet"	"0"	"0"	"0"	"Linköping"	"sword"	"middle of the 1600s at the earliest"
"NM174975"	"Nordiska museet Ärkestiftet"	"?Småland"	"0"	"0"	"Strängnäs"	"sword, octagonal, long handle"	"0"
"NM174976"	"Nordiska museet Ärkestiftet"	"0"	"0"	"0"	"?Åbo"	"sword"	"0"
"NM174954"	"Nordiska museet Ärkestiftet"	"?Värmland/Dalsland"	"0"	"0"	"Skara"	"sw"	"0"
"NM174973"	"Nordiska museet Ärkestiftet"	"Finland"	"0"	"0"	"Åbo"	"staff, hexagonal"	"0"
"NM174980"	"Nordiska museet Ärkestiftet"	"0"	"0"	"0"	"Strängnäs"	"sword"	"0"
"NM175041"	"Nordiska museet Ärkestiftet"	"0"	"0"	"0"	"Linköping"	"sword"	"0"
"NM175014"	"Nordiska museet Ärkestiftet"	"Uppland"	"Frötuna"	"Frötuna och Länna skeppslag"	"Uppsala"	"book"	"1570, 1708"
"NM15087"	"Nordiska museet Ärkestiftet"	"Uppland"	"0"	"0"	"Uppsala"	"sword"	"1634"
"NM49924"	"Nordiska museet Ärkestiftet"	"Uppland"	"Västland"	"Örbyhus härad"	"Uppsala"	"sword"	"0"
"NM20315"	"Nordiska museet Ärkestiftet"	"Uppland"	"0"	"0"	"Uppsala"	"sword"	"0"
"NM174982"	"Nordiska museet Ärkestiftet"	"Uppland"	"0"	"0"	"Uppsala"	"sword"	"0"
"NM174941"	"Nordiska museet Ärkestiftet"	"Uppland"	"0"	"0"	"Uppsala"	"sword"	"0"
"NM175058"	"Nordiska museet Ärkestiftet"	"Uppland"	"0"	"0"	"Uppsala"	"sword"	"0"
"NM15154"	"Nordiska museet Ärkestiftet"	"Uppland"	"0"	"0"	"Uppsala"	"sword"	"0"
"NM625"	"Linköping SL Nordiska Museet"	"SL; Södermanland"	"Vingåker"	"Oppunda härad"	"Linköping"	"staff, heptagonal"	"1595-1620"
"NM41245"	"Linköping SL Nordiska Museet"	"0"	"Sjögestad"	"Valkebo härad"	"Linköping"	"sword"	"1550"
"NM33940"	"Linköping SL Nordiska Museet"	"Bläckhult"	"Svinhult"	"Ydre härad"	"Linköping"	"sword"	"0"
"NM41243"	"Linköping SL Nordiska Museet"	"0"	"Torpa"	"Ydre härad"	"Linköping"	"sword"	"0"
"NM42204"	"Linköping SL Nordiska Museet"	"?Stufrätra"	"Vist"	"Hanekinds härad"	"Linköping"	"sword"	"0"
"NM175067"	"Linköping SL Nordiska Museet"	"0"	"0"	"0"	"Linköping"	"sword"	"0"
"NM175068"	"Linköping SL Nordiska Museet"	"0"	"0"	"0"	"Linköping"	"sword"	"0"
"NM175054"	"Linköping SL Nordiska Museet"	"SL"	"0"	"0"	"Linköping"	"staff, heptagonal"	"0"
"NM174931"	"Linköping SL Nordiska Museet"	"SL"	"0"	"0"	"Linköping"	"staff, heptagonal"	"1595-1620"
"NM42309"	"Linköping SL Nordiska Museet"	"SL"	"0"	"0"	"Linköping"	"staff, heptagonal"	"1608"
"NM175046"	"Linköping SL Nordiska Museet"	"SL"	"0"	"0"	"Linköping"	"staff, heptagonal"	"1595-1620"
"NM62339"	"Linköping SL Nordiska Museet"	"SL; ?Gränna"	"0"	"0"	"Linköping"	"staff, heptagonal"	"1603, 1628, 1753"
"NM175053"	"Linköping SL Nordiska Museet"	"?SL"	"0"	"0"	"0"	"staff, heptagonal"	"0"
"NM61576"	"Linköping SL Nordiska Museet"	"Östergötland"	"0"	"0"	"Östergötland"	"sword"	"0"
"NM174938"	"Linköping SL Nordiska Museet"	"Östergötland"	"0"	"0"	"Östergötland"	"staff, heptagonal"	"1718"
"NM174960"	"Linköping SL Nordiska Museet"	"?Östergötland"	"0"	"0"	"?Östergötland"	"sword"	"0"
"NM175069"	"Linköping SL Nordiska Museet"	"0"	"0"	"0"	"0"	"sword"	"1728"
"NM73665"	"Linköping SL Nordiska Museet"	"Småland"	"Vetlanda socken"	"Östra härad"	"Växjö (after 1569)"	"sword"	"0"
"NM174904"	"Linköping SL Nordiska Museet"	"0"	"0"	"0"	"0"	"_"	"_"
"NM40985"	"Linköping SL Nordiska Museet"	"SL"	"0"	"Vifolka härad"	"Linköping"	"staff, heptagonal"	"1595-1620"
"NM41244"	"Linköping SL Nordiska Museet"	"SL"	"Heda"	"Lysings härad"	"Linköping"	"staff, heptagonal"	"1595"
"NM174955"	"Linköping SL Nordiska Museet"	"SL"	"0"	"0"	"Linköping"	"sword"	"1595-1620"
"NM48598"	"Linköping SL Nordiska Museet"	"SL"	"0"	"0"	"Linköping"	"staff, heptagonal"	"1595-1620"
"NM3855"	"Linköping SL Nordiska Museet"	"SL"	"0"	"0"	"Linköping"	"sword"	"1598"
"NM175049"	"Linköping SL Nordiska Museet"	"SL"	"0"	"0"	"Linköping"	"staff, heptagonal"	"1595-1620"
"NM205447"	"Linköping SL Nordiska Museet"	"SL"	"0"	"0"	"Linköping"	"staff, heptagonal"	"1617"
"NM174935"	"Linköping SL Nordiska Museet"	"SL"	"0"	"0"	"Linköping"	"staff, heptagonal"	"0"
"NM175033"	"Linköping SL Nordiska Museet"	"SL"	"0"	"0"	"Linköping"	"staff, heptagonal"	"1611"
"NM175056"	"Linköping SL Nordiska Museet"	"SL"	"0"	"0"	"Linköping"	"staff, heptagonal"	"1595"
"IM160992"	"Västergötlands museum"	""	""	""	""	""	"1793"
"IM163038"	"Västergötlands museum"	"0"	"0"	"0"	"0"	"staff"	"1688"
"IM163039"	"Västergötlands museum"	"0"	"0"	"0"	"Skara"	"staff"	"1666"
"IM163040"	"Västergötlands museum"	"0"	"0"	"0"	"Skara"	"staff"	"0"
"IM163041"	"Västergötlands museum"	"0"	"0"	"0"	"Västerås"	"staff, octagonal"	"1672"
"IM163042"	"Västergötlands museum"	"Västergötland"	"Husaby"	"Kinnefjärdings härad"	"Västergötland"	"staff, octagonal"	"0"
"IM163044"	"Västergötlands museum"	""	""	""	""	""	""
"IM163045"	"Västergötlands museum"	""	""	""	""	""	""
"IM163046"	"Västergötlands museum"	""	""	""	""	""	""
"IM163047"	"Västergötlands museum"	""	""	""	""	""	""
"IM163048"	"Västergötlands museum"	""	""	""	""	""	""
"IM163050"	"Västergötlands museum"	""	""	""	""	""	""
"IM163051"	"Västergötlands museum"	""	""	""	""	""	"1730"
"IM163052"	"Västergötlands museum"	""	""	""	""	""	""
"IM163053"	"Västergötlands museum"	""	""	""	""	""	""
"IM163054"	"Västergötlands museum"	""	""	""	""	""	""
"IM163055"	"Västergötlands museum"	"0"	"0"	"0"	"Linköping"	"staff, hexagonal"	"0"
"IM167797"	"Västergötlands museum"	"NOT Skara"	"0"	"0"	"0"	"staff"	"1673"
"IM168089"	"Västergötlands museum"	""	""	""	""	""	""
"SA100-47"	"Västergötlands museum"	"0"	"0"	"0"	"Uppsala"	"book (paper)"	"1686"
"GM203"	"Göteborgs stadsmuseum"	""	""	""	""	""	"1870"
"GM204"	"Göteborgs stadsmuseum"	""	""	""	""	""	""
"GM205"	"Göteborgs stadsmuseum"	""	""	""	""	""	""
"GM281"	"Göteborgs stadsmuseum"	"Norway / Finnskogen"	"0"	"0"	"Norway / Finnskogen"	""	"1619"
"GM330"	"Göteborgs stadsmuseum"	""	""	""	""	""	"1738"
"GM344"	"Göteborgs stadsmuseum"	"0"	"0"	"0"	"Göteborg"	"axe"	"1745"
"GM448"	"Göteborgs stadsmuseum"	""	""	""	""	""	""
"GM502"	"Göteborgs stadsmuseum"	""	""	""	""	""	""
"GM1150"	"Göteborgs stadsmuseum"	""	""	""	""	"fancy walking stick"	""
"GM1151"	"Göteborgs stadsmuseum"	""	""	""	""	"sword"	""
"GM1152"	"Göteborgs stadsmuseum"	""	""	""	""	"fancy walking stick"	""
"GM1153"	"Göteborgs stadsmuseum"	""	""	""	""	"fancy walking stick"	""
"GM1154"	"Göteborgs stadsmuseum"	""	""	""	""	"fancy walking stick"	""
"GM1155"	"Göteborgs stadsmuseum"	"Halland"	"Tölö"	"Fjäre härad"	"Göteborg"	"sword"	"0"
"GM1156"	"Göteborgs stadsmuseum"	"Norska Finnmarken (Lutnäsgård)"	"0"	"0"	"Åbo"	"sword"	"1614, 1619"
"GM1157"	"Göteborgs stadsmuseum"	""	""	""	""	""	""
"GM1158"	"Göteborgs stadsmuseum"	""	""	""	""	""	""
"GM1159"	"Göteborgs stadsmuseum"	"0"	"0"	"0"	"Västerås"	"paddle"	"1651"
"GM1160"	"Göteborgs stadsmuseum"	"0"	"0"	"0"	"0"	"staff, octagonal"	"1700"
"GM1302"	"Göteborgs stadsmuseum"	""	""	""	""	""	""
"GM1593"	"Göteborgs stadsmuseum"	""	""	""	""	""	""
"GM2101"	"Göteborgs stadsmuseum"	""	""	""	""	""	"1624, 1628"
"GM2890"	"Göteborgs stadsmuseum"	""	""	""	""	"fancy walking stick"	""
"GM2920"	"Göteborgs stadsmuseum"	"0"	"0"	"0"	"Skara"	"sword"	"0"
"GM2921"	"Göteborgs stadsmuseum"	"SL"	"0"	"0"	"Linköping"	"staff"	"1595-1620"
"GM2922"	"Göteborgs stadsmuseum"	"?Skara/Växjö"	"0"	"0"	"?Skara/Växjö"	"sword"	"0"
"GM2923"	"Göteborgs stadsmuseum"	"0"	"0"	"0"	"Skara"	"fancy walking stick"	""
"GM2925"	"Göteborgs stadsmuseum"	"0"	"0"	"0"	"Skara"	"staff"	"1685"
"GM2926"	"Göteborgs stadsmuseum"	"0"	"0"	"0"	"0"	"staff, octagonal"	"1721"
"GM9700"	"Göteborgs stadsmuseum"	"Västergötland"	"Upphärad"	"Flundre härad"	"Västergötland"	"sword"	"0"
"GM11024"	"Göteborgs stadsmuseum"	"0"	"0"	"0"	"Göteborg"	""	""
"GM11278"	"Göteborgs stadsmuseum"	"0"	"0"	"0"	"Göteborg"	""	""
"GM14318"	"Göteborgs stadsmuseum"	"0"	"0"	"0"	"Göteborg"	"fancy walking stick"	""
"GM18615"	"Göteborgs stadsmuseum"	"0"	"0"	"0"	"Göteborg"	"fancy walking stick"	"1750c"
"LMGL67"	"Länsmuseum Gävleborg, Gävle"	""	""	""	""	""	"1740"
"LMGL197"	"Länsmuseum Gävleborg, Gävle"	""	""	""	""	"fancy walking stick"	"1784"
"LMG265"	"Länsmuseum Gävleborg, Gävle"	""	""	""	""	"paddle"	""
"LMG6205 ( XLM.06205)"	"Länsmuseum Gävleborg, Gävle"	""	""	""	""	"fancy walking stick, octagonal"	"1646"
"LMG6206"	"Länsmuseum Gävleborg, Gävle"	""	""	""	""	""	""
"LMG8751"	"Länsmuseum Gävleborg, Gävle"	""	""	""	""	"paddle"	""
"KM1888"	"Kulturen, Lund"	"SL"	"0"	"0"	"Linköping"	"_"	"1595-1620"
"KM6202"	"Kulturen, Lund"	"0"	"0"	"0"	"0"	"staff"	""
"KM6204"	"Kulturen, Lund"	"0"	"0"	"0"	"0"	"octagonal"	""
"KM7029"	"Kulturen, Lund"	"Möjligen ärkestiftet"	"0"	"0"	"?Uppsala"	"sword"	"post-1828"
"KM7536"	"Kulturen, Lund"	"0"	"0"	"0"	"0"	"paddle"	""
"KM10730"	"Kulturen, Lund"	"0"	"0"	"0"	"Skara / Denmark"	"paddle"	"1672"
"KM13771"	"Kulturen, Lund"	"SL"	"0"	"0"	"Linköping"	"sword, heptagonal"	"1595-1620"
"KM15576"	"Kulturen, Lund"	"0"	"0"	"0"	"0"	"staff, hexagonal"	""
"KM15577"	"Kulturen, Lund"	"SL"	"0"	"0"	"Linköping"	"sword, heptagonal"	"1595-1620"
"KM16583"	"Kulturen, Lund"	"0"	"0"	"0"	"0"	"paddle"	""
"KM26318"	"Kulturen, Lund"	"SL"	"0"	"0"	"Linköping"	"sword, heptagonal"	"1595-1620"
"KM32780"	"Kulturen, Lund"	"0"	"0"	"0"	"0"	"_"	""
"SKO11714"	"Skokloster"	"Finland"	"0"	"0"	"Åbo"	"staff, octagonal"	"0"
"SKO11715"	"Skokloster"	""	""	""	""	"fancy walking stick"	""
"SKO11716"	"Skokloster"	""	""	""	""	""	""
"SKO11727"	"Skokloster"	""	""	""	""	"fancy walking stick"	""
"SKO11718"	"Skokloster"	"SL"	"0"	"0"	"Linköping"	"staff, heptagonal"	"1601, 1648"
"SKO11719"	"Skokloster"	""	""	""	""	"staff"	""
"SKO11720"	"Skokloster"	"Uppland"	"0"	"0"	"Uppsala"	"sword"	"1500"
"SKO11721"	"Skokloster"	"Finland"	"0"	"0"	"Åbo"	"sword"	"1612"
"SKO11722"	"Skokloster"	"Finland"	"0"	"0"	"Åbo"	"staff, square"	"?1705 ?1702"
"SKO11723"	"Skokloster"	"Uppland"	"0"	"0"	"Uppsala"	"sword"	"1500s"
"SKO11724"	"Skokloster"	""	""	""	""	"fancy walking stick"	""
"SKO11726"	"Skokloster"	""	""	""	""	"paddle"	""
"SKO11728"	"Skokloster"	"0"	"0"	"0"	"Linköping"	"book"	"0"
"SKO7324"	"Skokloster"	"Uppland"	"0"	"0"	"Uppsala"	"sword"	"1500s"
"L101"	"Växjö museum"	"0"	"0"	"0"	"0"	"sword"	"0"
"L154"	"Växjö museum"	"Ovansiljan, Dalarna"	"0"	""	"Dalarna"	"paddle"	"1623, 1614, 1653"
"L155"	"Växjö museum"	"Skara"	"0"	"0"	"Skara"	"staff"	"?1711"
"L163"	"Växjö museum"	"Småland"	"0"	"0"	"Småland"	"staff, octagonal"	"0"
"Unnumbered"	"Växjö museum"	"Willstad, Småland"	"Villstad"	"Västbo härad"	"Växjö (after 1555)"	"staff, octagonal"	"1702"
"L3147"	"Växjö museum"	"?Småland tveksamt"	"0"	"0"	"0"	"staff, octagonal"	"1634"
"L81"	"Växjö museum"	"0"	"0"	"0"	"0"	"staff, octagonal"	"0"
"L968"	"Växjö museum"	""	""	""	""	""	"1702"
"M538"	"Växjö museum"	"0"	"0"	"0"	"0"	"staff, octagonal"	"1637"
"M539"	"Växjö museum"	"Småland"	"Hånger"	"Östbo härad"	"Växjö (after 1555)"	"sword"	"0"
"NM14911"	"Nordiska museet"	"0"	"Hässelby"	"S. Vedbo härad"	"Linköping"	""	""
"NM41264"	"Nordiska museet"	"Småland"	"Säby"	"N. Vedbo härad"	"Linköping"	"sword"	"?1591 ?1651"
"KLM1648"	"Kalmar Läns museum"	"0"	"0"	"0"	"0"	"staff"	"1754"
"KLM1650"	"Kalmar Läns museum"	"Öland"	"Vickleby"	"Algutsrums härad"	"Växjö (after 1555)"	"staff"	"1576"
"KLM1651"	"Kalmar Läns museum"	"0"	"0"	"0"	"0"	"staff, octagonal"	"1669"
"KLM1652"	"Kalmar Läns museum"	"0"	"0"	"0"	"0"	"staff, octagonal"	"0"
"KLM1653"	"Kalmar Läns museum"	"0"	"0"	"0"	"0"	"staff"	"post-1743"
"KLM2030"	"Kalmar Läns museum"	"Småland"	"0"	"S. Möre härad"	"Småland"	"staff"	"1742"
"KLM4022"	"Kalmar Läns museum"	"Småland, Kalmar"	"0"	"0"	"Kalmar"	"book"	"1778"
"KLM7769"	"Kalmar Läns museum"	"0"	"0"	"0"	"0"	"sword"	"0"
"KLM7770"	"Kalmar Läns museum"	"0"	"0"	"0"	"0"	"sword"	"1577"
"KLM7771"	"Kalmar Läns museum"	"0"	"0"	"0"	"0"	"sword"	"1592, 1703"
"KLM7772"	"Kalmar Läns museum"	"0"	"0"	"0"	"0"	"sword"	"1654"
"KLM7773"	"Kalmar Läns museum"	"0"	"0"	"0"	"0"	"sword"	"1515"
"KLM7774"	"Kalmar Läns museum"	"0"	"0"	"0"	"0"	"sword"	"0"
"KLM7775"	"Kalmar Läns museum"	"0"	"0"	"0"	"0"	"sword"	"0"
"KLM7776"	"Kalmar Läns museum"	"0"	"0"	"0"	"0"	"sword"	"0"
"KLM11154"	"Kalmar Läns museum"	"0"	"0"	"0"	"0"	"staff, heptagonal"	"1595-1620"
"ÖLM A2831"	"Östergötlands museum, Linköping"	"LS"	"0"	"0"	"Linköping"	"sword"	"1771"
"ÖLM A2832"	"Östergötlands museum, Linköping"	"Berg, Östergötland"	"0"	"0"	"Linköping"	"staff, heptagonal"	"0"
"LSB201"	"Östergötlands museum, Linköping"	"SL"	"0"	"0"	"Linköping"	"staff, heptagonal"	"1592"
"LSB202"	"Östergötlands museum, Linköping"	"SL"	"0"	"0"	"Linköping"	"staff, heptagonal"	"1595-1620"
"LSB203"	"Östergötlands museum, Linköping"	"0"	"0"	"0"	"Linköping"	"sword"	"1640"
"LSB204"	"Östergötlands museum, Linköping"	"0"	"0"	"0"	"Linköping"	"sword"	"0"
"LSB205"	"Östergötlands museum, Linköping"	"0"	"0"	"0"	"Linköping"	"sword"	"0"
"LSB206"	"Östergötlands museum, Linköping"	"0"	"0"	"0"	"Linköping"	"sword"	"0"
"LSB207"	"Östergötlands museum, Linköping"	"Västergötland / Norge"	"0"	"0"	"Västergötland / Norge"	"sword"	"0"
"LSB208"	"Östergötlands museum, Linköping"	"0"	"0"	"0"	"Linköping"	"sword"	"1699"
"LSB209"	"Östergötlands museum, Linköping"	"0"	"0"	"0"	"Linköping"	"sword"	"0"
"LSB210"	"Östergötlands museum, Linköping"	"0"	"0"	"0"	"Linköping"	"sword"	"0"
"LSB211"	"Östergötlands museum, Linköping"	"0"	"0"	"0"	"Linköping"	"sword"	"0"
"LSB212"	"Östergötlands museum, Linköping"	"?Strängnäs"	"0"	"0"	"Strängnäs"	"sword"	"0"
"LSB213"	"Östergötlands museum, Linköping"	"0"	"0"	"0"	"Linköping"	"sword"	"0"
"UM1376"	"Upplandsmuseet"	""	""	""	""	"staff"	""
"UM1613"	"Upplandsmuseet"	"0"	"0"	"0"	"Strängnäs"	"sword"	"Probably 1500s-early 1600s"
"UM1804"	"Upplandsmuseet"	""	""	""	""	"staff"	""
"UM2349"	"Upplandsmuseet"	"?Strängnäs ? Östersjökusten"	"0"	"0"	"0"	"staff, heptagonal"	"Probably 1500s-early 1600s"
"UM26846"	"Upplandsmuseet"	""	""	""	""	"staff"	"1741"
"LUHM onumrerad"	"Lund, Historiska museet"	"0"	"0"	"0"	"0"	"book"	"0"
"LUHM12772"	"Lund, Historiska museet"	"0"	"0"	"0"	"0"	"walking stick, round"	"0"
"LUHM13151"	"Lund, Historiska museet"	"0"	"0"	"0"	"Strängnäs"	"paddle"	"0"
"LUHM13152"	"Lund, Historiska museet"	"0"	"0"	"0"	"0"	"paddle"	"1692"
"LUHM13153"	"Lund, Historiska museet"	"0"	"0"	"0"	"0"	"staff"	"1692"
"LUHM2358"	"Lund, Historiska museet"	""	""	""	""	""	""
"LUHM3229"	"Lund, Historiska museet"	"Södra Östergötland eller norra delen av Kalmar län"	"0"	"0"	"Linköping"	"sword, long handle"	"0"
"LUHM3230"	"Lund, Historiska museet"	"0"	"0"	"0"	"0"	"sword"	"1663"
"LUHM3231"	"Lund, Historiska museet"	"0"	"0"	"0"	"0"	"sword"	"0"
"LUHM3232"	"Lund, Historiska museet"	"0"	"0"	"0"	"0"	"staff"	"pre-1700s"
"LUHM3233"	"Lund, Historiska museet"	"0"	"0"	"0"	"0"	"sword"	"pre-1700s"
"LUHM3234"	"Lund, Historiska museet"	"Norway"	"0"	"0"	"Norway"	"sword"	"0"
"LUHM3235"	"Lund, Historiska museet"	"0"	"0"	"0"	"0"	"sword"	"0"
"LUHM3236"	"Lund, Historiska museet"	"0"	"0"	"0"	"0"	"sword, long handle"	"0"
"LUHM3237"	"Lund, Historiska museet"	"0"	"0"	"0"	"0"	"sword"	"0"
"LUHM3238"	"Lund, Historiska museet"	"0"	"0"	"0"	"0"	"sword"	"1680"
"LUHM3239"	"Lund, Historiska museet"	"0"	"0"	"0"	"0"	"staff, octagonal"	"0"
"LUHM3240"	"Lund, Historiska museet"	"0"	"0"	"0"	"Uppsala"	"staff, octagonal"	"1632"
"LUHM3241"	"Lund, Historiska museet"	"SL"	"0"	"0"	"0"	"staff, heptagonal"	"1618, 1635"
"LUHM3242"	"Lund, Historiska museet"	""	""	""	""	"staff, octagonal"	"1682"
"LUHM3243"	"Lund, Historiska museet"	"Finnsk/Finnbygd"	"0"	"0"	"Åbo"	"sword"	"1634"
"LUHM3244"	"Lund, Historiska museet"	""	""	""	""	"sword"	"1804"
"LUHM3245"	"Lund, Historiska museet"	""	""	""	""	"walking stick, round"	""
"LUHM3246"	"Lund, Historiska museet"	""	""	""	""	"walking stick, round"	""
"LUHM3247"	"Lund, Historiska museet"	""	""	""	""	"walking stick, round"	""
"LUHM3248"	"Lund, Historiska museet"	""	""	""	""	"walking stick, round"	""
"LUHM3249"	"Lund, Historiska museet"	""	""	""	""	"walking stick, round"	""
"LUHM3250"	"Lund, Historiska museet"	""	""	""	""	"walking stick, round"	""
"LUHM3251"	"Lund, Historiska museet"	""	""	""	""	"walking stick, round"	""
"LUHM3252"	"Lund, Historiska museet"	""	""	""	""	"walking stick, round"	""
"LUHM3253"	"Lund, Historiska museet"	""	""	""	""	"walking stick, round"	""
"LUHM3254"	"Lund, Historiska museet"	""	""	""	""	"walking stick, round"	""
"LUHM3255"	"Lund, Historiska museet"	""	""	""	""	"walking stick, round"	""
"LUHM3256"	"Lund, Historiska museet"	""	""	""	""	"walking stick, round"	""
"LUHM3257"	"Lund, Historiska museet"	""	""	""	""	"walking stick, round"	""
"LUHM3258"	"Lund, Historiska museet"	""	""	""	""	"walking stick, round"	""
"LUHM3259"	"Lund, Historiska museet"	"0"	"0"	"0"	"0"	"paddle"	"pre-1700s"
"LUHM3260"	"Lund, Historiska museet"	"Dalarna"	"0"	""	"Dalarna"	"paddle"	"0"
"LUHM3261"	"Lund, Historiska museet"	"Dalarna"	"0"	""	"Dalarna"	"paddle"	"0"
"LUHM3262"	"Lund, Historiska museet"	"0"	"0"	"0"	"0"	"paddle"	"pre-1700s"
"LUHM3263"	"Lund, Historiska museet"	"0"	"0"	"0"	"0"	"staff"	"1728"
"LUHM3269"	"Lund, Historiska museet"	""	""	""	""	""	""
"LUHM355"	"Lund, Historiska museet"	"0"	"0"	"0"	"0"	"book"	""
"LUHM356"	"Lund, Historiska museet"	"0"	"0"	"0"	"Sami"	"book"	"0"
"LUHM4344"	"Lund, Historiska museet"	""	""	""	""	""	""
"KM129"	"Karlstads museum"	"0"	"0"	"0"	"0"	"book"	"1665"
"JM mystery"	"Jönköpings museum"	""	""	""	""	"book"	"1668"
"JM379"	"Jönköpings museum"	"0"	"0"	"0"	"0"	"walking stick, round"	"0"
"JM4243"	"Jönköpings museum"	"Östra Småland"	"0"	"0"	"?Linköping"	"staff"	"0"
"JM7321"	"Jönköpings museum"	""	""	""	""	"sword"	""
"JM7322"	"Jönköpings museum"	"Roslagen"	"0"	"0"	"Uppsala"	"sword"	"1712"
"JM7323"	"Jönköpings museum"	"Östra Linköpings stift"	"0"	"0"	"Linköping"	"staff, octagonal"	"0"
"?01"	"??"	""	""	""	""	""	""
"5257"	"Nationalmuseet København"	"Åsen"	"Älvdalen"	""	"Västerås"	"oval/split"	"1604, 1609"
"10338"	"Nationalmuseet København"	"?Roslagen"	"0"	"Roslagen"	"Uppsala"	"sword"	"0"
"10339"	"Nationalmuseet København"	"Mo härad switched between Skara and Linköping diocese"	"0"	"Mo härad"	"Skara"	"sword"	"1615"
"10340"	"Nationalmuseet København"	"0"	"0"	"Mo härad"	"Skara"	"staff, octagonal, long handle"	"0"
"10341"	"Nationalmuseet København"	"Roslagen"	"0"	"0"	"Uppsala"	"book"	"1604"
"10342"	"Nationalmuseet København"	"0"	"0"	"0"	"Sami"	"book"	"0"
"Åbo1705"	"Nationalmuseet København"	"0"	"0"	"0"	"Åbo"	"sword"	"1705"
"D19-1962"	"Nationalmuseet København"	"0"	"0"	"0"	"Uppsala"	"staff, octagonal"	"0"
"D2083"	"Nationalmuseet København"	"0"	"0"	"0"	"Uppsala"	"sword"	"0"
"D53/1959"	"Nationalmuseet København"	"Småland"	"0"	"0"	"Linköping"	"sword, long handle"	"0"
"DCXVIII"	"Nationalmuseet København"	"?Gotland ?Småland"	"0"	"0"	"Linköping"	"sword"	"0"
"DCXX"	"Nationalmuseet København"	"Värmland/Dalsland"	"0"	"0"	"Skara"	"sword"	"?1644"
"NO NUMBER"	"Nationalmuseet København"	"SL"	"0"	"0"	"Linköping"	"staff, heptagonal"	"1595-1620"
"333"	"Nationalmuseet København"	"Norway"	"0"	"0"	"Norway"	"staff"	"1457"
"Österbotten 537"	"Österbottens museum"	"Österbotten"	"Malax"	"Korsholms härad"	"Åbo"	"wooden box"	"late 1500s, early 1600s"
"Zornmuseet"	"Zornmuseet"	"Dalarna"	"0"	""	"Dalarna"	"paddle"	"1667"
"Mora kyrka"	"Mora kyrka"	"Dalarna"	"?Mora"	""	"Dalarna"	"paddle"	"1625, 1684"
"Brunnsberg"	"Private"	"Brunnsberg"	"Älvdalen"	""	"Västerås"	"paddle"	"0"
"Fullerö 2"	"Fullerö slott"	"Västergötland"	"0"	"0"	"Skara"	"paddle"	"1520"
"Fullerö 3"	"Fullerö slott"	"0"	"0"	"0"	"Uppsala+Västerås"	"walking stick, round"	"?early 1600s"
"Fullerö 4"	"Fullerö slott"	"0"	"0"	"0"	"Uppsala"	"staff, square"	"probably 1500s"
"Fullerö 5"	"Fullerö slott"	"0"	"0"	"0"	"Uppsala+Åbo"	"sword"	"probably 1500s"
"Fullerö 6"	"Fullerö slott"	"0"	"0"	"0"	"Uppsala+Västerås"	"sword, octagonal"	"late 1500s, early 1600s"
"Fullerö 7"	"Fullerö slott"	"0"	"0"	"0"	"Strängnäs"	"staff, octagonal"	"early 1600s"
"Stugun"	"Stuguns hembygdsförening"	"Jämtland"	"0"	"0"	"Uppsala"	"besman (""steelyard balance"")"	"probably 1600s"
"Rättvik"	"Private"	"Västergötland pga kalendariet"	"0"	"0"	"Västergötland"	"sword, octagonal"	"1563"
"Signhildsberg"	"Private"	"?Småland"	"0"	"0"	"Linköping"	"sword"	"1502"
"David Drew"	"Private"	"Linköping/Småland"	"0"	"0"	"Linköping"	"sword, long handle"	"1600-1650"
"Tübingen"	"Private"	"Västerås / NW Dalarna"	"0"	"0"	"Västerås"	"paddle"	"0"
"M140"	"Murberget"	""	""	""	""	"staff, square"	""
"M13103"	"Murberget"	""	""	""	""	"staff, square"	""
"M13718"	"Murberget"	""	""	""	""	"paddle"	"1744"
"GFDEP252"	"Gotlands Fornsal"	"0"	"0"	"0"	"0"	"sword"	"1610"
"GFDEP253"	"Gotlands Fornsal"	"0"	"0"	"0"	"0"	"paddle"	"0"
"Sala16"	"Sala"	""	""	""	""	"walking stick, round"	""
"Sala17"	"Sala"	""	""	""	""	"walking stick, round"	""
"Sala18"	"Sala"	""	""	""	""	"sword"	""
"MV23115"	"Museet i Varberg, Halland"	""	""	""	""	""	""
"MV32116"	"Museet i Varberg, Halland"	""	""	""	""	""	""
"Paris Sainte Geneviève"	"Paris: Sainte Geneviève"	""	""	""	""	"sword"	"1500s"
"NM Helsinki 495"	"Nationalmuseum Helsinki"	""	""	""	""	"sword"	"1600s"
"NM Helsinki Gubbstaven"	"Nationalmuseum Helsinki"	"Ekenäs"	"0"	"0"	"Åbo"	"walking stick, round"	"1700s"
"FLA218004"	"??"	""	""	""	""	"staff"	"1639"
"FLA218020"	"??"	""	""	""	""	""	"1726"
"FLA218158"	"??"	""	""	""	""	"sword"	"1695"
"Clarke 1824_1"	"??"	""	""	""	""	"sword"	""
"Clarke 1824_2"	"??"	""	""	""	""	"sword"	""
"SHM7739-1"	"Historiska museet, Stockholm"	"Västergötland"	"Dalstorp"	"Kinds härad"	"Västergötland"	"sword, octagonal"	"1583"
"SHM7739-2"	"Historiska museet, Stockholm"	"Väsergötland"	"Dalstorp"	"Kinds härad"	"Västergötland"	"sword, octagonal"	"0"
"ShHM21283"	"Historiska museet, Stockholm"	"0"	"0"	"0"	"0"	"book"	"1400s"
"Jansson 1963"	"Nordiska museet"	"Norway / Härjedalen"	"0"	"0"	"Norway / Härjedalen"	"staff"	"1510"
"Nordic museum 1943"	"Nordiska museet"	"0"	"0"	"0"	"Finland / Värmlands Finnbygder"	"sword"	"0"
"Wistrand1891_1"	"Nordiska museet"	"Dalarna"	"Malung"	""	"Dalarna"	"oval/split"	"1623"
"Wistrand1891_2"	"Nordiska museet"	"Dalarna"	"Mora"	""	"Dalarna"	"paddle"	"1653"
"Lödösestaven"	"Historiska museet, Stockholm"	"Lödöse (periphery of Denmark)"	"0"	"0"	"Denmark"	"staff"	"1150c"
"Nyköpingsstaven"	"Historiska museet, Stockholm"	"Nyköping"	"0"	"0"	"Strängnäs"	"staff, octagonal"	"1200s"
"NM111576"	"Nordiska museet"	"Järrestad"	"0"	"0"	"Lund"	"staff"	"0"
"Magnússon 1877"	"??"	"?Lappsk"	"0"	"0"	"?Åbo"	"book"	"14thC, pre-1866"
"Magnússon 1879"	"??"	"Norway"	"0"	"0"	"Norway"	"staff"	"0"
"SHM21283"	"Historiska museet, Stockholm"	"0"	"0"	"0"	"0"	"book (parchment)"	"1400s"
